{
  "accuracy": {
    "mean": 0.5,
    "std": 0.07142857142857142,
    "min": 0.42857142857142855,
    "max": 0.5714285714285714
  },
  "precision": {
    "mean": 0.25,
    "std": 0.03571428571428571,
    "min": 0.21428571428571427,
    "max": 0.2857142857142857
  },
  "recall": {
    "mean": 0.5,
    "std": 0.0,
    "min": 0.5,
    "max": 0.5
  },
  "f1": {
    "mean": 0.3318181818181818,
    "std": 0.03181818181818183,
    "min": 0.3,
    "max": 0.36363636363636365
  }
}