metric,cnn_hmm,lr_baseline
accuracy,0.571429,0.428571
f1_macro,0.363636,0.416667
precision_HAPPY,0.571429,0.500000
recall_HAPPY,1.000000,0.250000
f1_HAPPY,0.727273,0.333333
precision_SAD,0.000000,0.400000
recall_SAD,0.000000,0.666667
f1_SAD,0.000000,0.500000
roc_auc,0.166667,0.500000
