run_ts,epoch,model,train_loss,train_f1_macro,val_loss,val_f1_macro
20260612_003814,1,cnn,0.670119,0.466667,0.755660,0.333333
20260612_003814,2,cnn,0.644487,0.715100,0.753815,0.333333
20260612_003814,final,cnn_hmm,,,,0.333333
20260612_003814,final,lr_baseline,,,,0.733333
